1,Tilda,Aberdein,taberdein0@columbia.edu,Female
2,Derwin,Tingcomb,dtingcomb1@squidoo.com,Male
3,Hubey,Endecott,hendecott2@marriott.com,Male
4,Fields,Scantleberry,fscantleberry3@ftc.gov,Male
5,Mariel,Zienkiewicz,mzienkiewicz4@vimeo.com,Female
6,Jillian,Podd,jpodd5@washingtonpost.com,Female
7,Amy,Passie,apassie6@liveinternet.ru,Female
8,Angelina,Bringloe,abringloe7@taobao.com,Female
9,Maddy,Latty,mlatty8@alexa.com,Female
10,Roda,Barhams,rbarhams9@disqus.com,Female
11,Percy,Simmonds,psimmondsa@arstechnica.com,Male
12,Chuck,Wingfield,cwingfieldb@usatoday.com,Male
13,Lexi,Hefferan,lhefferanc@japanpost.jp,Female
14,Kristian,Simmig,ksimmigd@creativecommons.org,Male
15,Ricky,Browett,rbrowette@paypal.com,Male
16,Clementina,Kinghorn,ckinghornf@dyndns.org,Female
17,Mable,Meriott,mmeriottg@ucoz.ru,Genderfluid
18,Yank,Offer,yofferh@google.nl,Male
19,Sammy,Gersam,sgersami@cdbaby.com,Male
20,Marissa,Blackford,mblackfordj@example.com,Female
21,Fabe,Shorto,fshortok@hp.com,Agender
22,Kristel,Heaven,kheavenl@squidoo.com,Female
23,Fiorenze,Saiger,fsaigerm@webmd.com,Female
24,Cathlene,Whiffin,cwhiffinn@yale.edu,Female
25,Elmira,Sanbrook,esanbrooko@reference.com,Female
26,Aylmar,Gusney,agusneyp@virginia.edu,Male
27,Konstanze,Hallet,khalletq@booking.com,Female
28,Palmer,L'Amie,plamier@microsoft.com,Male
29,Schuyler,Friedenbach,sfriedenbachs@google.cn,Male
30,Crissie,Ohms,cohmst@issuu.com,Female
31,Morse,Keith,mkeithu@friendfeed.com,Male
32,Matty,Jowsey,mjowseyv@naver.com,Male
33,Waylen,Heritege,wheritegew@google.it,Male
34,Bobbi,Walcar,bwalcarx@amazon.de,Female
35,Marcellus,Mangeney,mmangeneyy@drupal.org,Male
36,Dana,Mountney,dmountneyz@tinyurl.com,Female
37,Norman,Tyzack,ntyzack10@paypal.com,Male
38,Gaby,Crothers,gcrothers11@yellowpages.com,Female
39,Rennie,Chislett,rchislett12@opensource.org,Female
40,Nari,Johann,njohann13@latimes.com,Female
41,Lambert,Le - Count,llecount14@thetimes.co.uk,Male
42,Dorthea,Lamprecht,dlamprecht15@google.com.br,Female
43,Bryant,Gott,bgott16@vk.com,Male
44,Gard,Allchin,gallchin17@blog.com,Male
45,Port,Astin,pastin18@a8.net,Agender
46,Lulita,Jewks,ljewks19@simplemachines.org,Female
47,Lorrie,Gilluley,lgilluley1a@wisc.edu,Male
48,Hallsy,Malam,hmalam1b@google.de,Male
49,Willie,Spilstead,wspilstead1c@squarespace.com,Female
50,Jervis,Dabrowski,jdabrowski1d@oaic.gov.au,Male
51,Rodney,Posen,rposen1e@pcworld.com,Male
52,Dinah,Ivanovic,divanovic1f@pcworld.com,Female
53,Jakie,Gorbell,jgorbell1g@tinyurl.com,Male
54,Ingeborg,Catlin,icatlin1h@telegraph.co.uk,Female
55,Cicely,Redsull,credsull1i@myspace.com,Agender
56,Orren,Tippin,otippin1j@phpbb.com,Male
57,Bo,Laydel,blaydel1k@usatoday.com,Male
58,Hugues,Mico,hmico1l@soup.io,Male
59,Zaccaria,Snoxell,zsnoxell1m@bloglovin.com,Male
60,Pall,Ferenczy,pferenczy1n@barnesandnoble.com,Male
61,Erhard,Toulamain,etoulamain1o@aboutads.info,Male
62,Kelley,Leagas,kleagas1p@slideshare.net,Female
63,Curr,Cardenas,ccardenas1q@mail.ru,Male
64,Meaghan,Sabbins,msabbins1r@skype.com,Female
65,Amy,Ayrton,aayrton1s@globo.com,Female
66,Alonso,Hadkins,ahadkins1t@salon.com,Male
67,Cristen,Simak,csimak1u@parallels.com,Female
68,Jesse,Kisby,jkisby1v@auda.org.au,Male
69,Blondelle,Callard,bcallard1w@amazon.co.jp,Genderfluid
70,Margalit,Posse,mposse1x@nymag.com,Female
71,Skipp,Gymlett,sgymlett1y@histats.com,Male
72,Ronnie,Franklin,rfranklin1z@icq.com,Male
73,Ignatius,Roderighi,iroderighi20@unesco.org,Male
74,Waldemar,Menham,wmenham21@europa.eu,Male
75,Judd,Upex,jupex22@umich.edu,Male
76,Thoma,Comport,tcomport23@tumblr.com,Male
77,Celie,Janicki,cjanicki24@mac.com,Female
78,Rupert,Duckham,rduckham25@rambler.ru,Male
79,Eldridge,Brockie,ebrockie26@canalblog.com,Male
80,Flory,Sicily,fsicily27@reddit.com,Female
81,Ferd,Bollam,fbollam28@aboutads.info,Male
82,Mei,Fender,mfender29@baidu.com,Female
83,Minni,Pilpovic,mpilpovic2a@nationalgeographic.com,Female
84,Gerri,Sherland,gsherland2b@oakley.com,Female
85,Dov,McKevitt,dmckevitt2c@google.co.uk,Genderqueer
86,Jsandye,Cadman,jcadman2d@ca.gov,Female
87,Johnathan,Bevar,jbevar2e@ow.ly,Male
88,Richie,Mary,rmary2f@abc.net.au,Male
89,Cordula,Battisson,cbattisson2g@hexun.com,Female
90,Thorpe,Ranald,tranald2h@wix.com,Male
91,Daniele,Rounce,drounce2i@networksolutions.com,Female
92,Juliane,Casaro,jcasaro2j@soundcloud.com,Female
93,Eimile,Burrill,eburrill2k@joomla.org,Female
94,Reinwald,Cleverley,rcleverley2l@guardian.co.uk,Male
95,Myrtia,Lindback,mlindback2m@issuu.com,Female
96,Dorian,Wickenden,dwickenden2n@sohu.com,Male
97,Alfredo,Phippen,aphippen2o@soup.io,Male
98,Harland,Rosen,hrosen2p@linkedin.com,Non-binary
99,Benoit,Loan,bloan2q@smh.com.au,Male
100,Jdavie,Beardon,jbeardon2r@e-recht24.de,Male
